Username,Full Name,Domain,Emailadamwgriffin,Adam W. Griffin,adamwgriffin.com,adam.griffin@windermere.comjasoncook,Jason Cook,425house.info,jason@jasonecook.comazehm,Aaron & Karen Zehm,aaronandkaren.com,azehm@windermere.comakahn,Aaron Kahn,aaronkahnseattle.com,akahn@windermere.comsoderlund,Aaron Soderlund,aaronsod.com,aaron@windermere.comasantos,Abby Santos,abbysantos.com,abbylsantos@comcast.netdvanrooyen,Diana van Rooyen,accentonservice.com,diana@diablorealty.comadamheater,Adam Heater,adamheater.com,adamheater@windermere.com