Domain,Username,Full Name,Emailadamwgriffin.com,adamwgriffin,Adam W. Griffin,adam.griffin@windermere.com425house.info,jasoncook,Jason Cook,jason@jasonecook.comaaronandkaren.com,azehm,Aaron & Karen Zehm,azehm@windermere.comaaronkahnseattle.com,akahn,Aaron Kahn,akahn@windermere.comaaronsod.com,soderlund,Aaron Soderlund,aaron@windermere.comabbysantos.com,asantos,Abby Santos,abbylsantos@comcast.netaccentonservice.com,dvanrooyen,Diana van Rooyen,diana@diablorealty.comadamheater.com,adamheater,Adam Heater,adamheater@windermere.com